attachment_id	text	user_id	height	width	length	train	begin	end
44e8d2a0-7e01-450b-90b0-beb7400d2c1e	Ё	185bd3a81d9d618518d10abebf0d17a8	1920	1080	156.0	True	36	112
df5b08f0-41d1-4572-889c-8b893e71069b	А	185bd3a81d9d618518d10abebf0d17a8	1920	1080	150.0	True	36	76
17f53df4-c467-4aff-9f48-20687b63d49a	Р	185bd3a81d9d618518d10abebf0d17a8	1920	1080	133.0	True	40	97
e3add916-c708-4339-ad98-7e2740be29e9	Е	185bd3a81d9d618518d10abebf0d17a8	1920	1080	144.0	True	43	107
bd7272ed-1850-48f1-a2a8-c8fed523dc37	Ч	185bd3a81d9d618518d10abebf0d17a8	1920	1080	96.0	True	20	70
eced728b-ec24-4f91-a967-7377542a23e6	Л	185bd3a81d9d618518d10abebf0d17a8	1920	1080	150.0	True	31	107
cf6845ac-9e02-49b4-8d2b-f56c789f973a	Ц	95af8e702c909eee7145c6dc1a3d756b	1280	720	91.0	True	16	67
330fc737-22a8-419b-9e46-b9af6adef8bf	С	185bd3a81d9d618518d10abebf0d17a8	1920	1080	138.0	True	32	101
a5948d20-283a-45d4-8ab3-9c63f35db522	Й	185bd3a81d9d618518d10abebf0d17a8	1920	1080	161.0	True	38	112
3f0389e8-fe70-41b0-806d-8c1aae3d20c1	З	185bd3a81d9d618518d10abebf0d17a8	1920	1080	87.0	True	8	55
63e80a5b-b194-4274-9add-f79749617b39	Ь	185bd3a81d9d618518d10abebf0d17a8	1920	1080	97.0	True	37	114
5ce6ce8a-d191-47d4-97b4-3fc6f9138a73	Я	185bd3a81d9d618518d10abebf0d17a8	1920	1080	110.0	True	21	69
9603023d-a2e3-449b-8f68-2e345bb5ca6e	Б	185bd3a81d9d618518d10abebf0d17a8	1920	1080	169.0	True	35	118
04c2dca4-30cc-4dda-99c8-f5e84be0e365	Щ	185bd3a81d9d618518d10abebf0d17a8	1920	1080	152.0	True	36	108
f5d433fa-72df-4784-a001-40eb2c401546	У	185bd3a81d9d618518d10abebf0d17a8	1920	1080	146.0	True	32	97
06000f55-6f8e-404b-a01c-a32f4a384590	Ы	185bd3a81d9d618518d10abebf0d17a8	1920	1080	135.0	True	29	99
2225775d-2fb2-4e3b-be84-b3679dc1a4fb	Д	185bd3a81d9d618518d10abebf0d17a8	1920	1080	139.0	True	35	101
f2584ae6-660a-444d-8178-e32378d1b592	Ф	185bd3a81d9d618518d10abebf0d17a8	1920	1080	129.0	True	31	90
cdccffee-ea5c-4e89-8454-c99d8d8f8b9e	Т	185bd3a81d9d618518d10abebf0d17a8	1920	1080	134.0	True	27	98
95b13c61-afa4-4b56-92a9-64f42fe9f572	Ъ	185bd3a81d9d618518d10abebf0d17a8	1920	1080	136.0	True	25	90
ed900e13-7b49-4af3-89de-616fbdabdaab	О	185bd3a81d9d618518d10abebf0d17a8	1920	1080	131.0	True	32	101
640469f8-d647-46a9-be8b-63b45e85416f	М	185bd3a81d9d618518d10abebf0d17a8	1920	1080	90.0	True	13	64
39e0e8d5-a0f1-4561-9db2-96725017e263	П	185bd3a81d9d618518d10abebf0d17a8	1920	1080	142.0	True	41	102
23e658a3-80ba-4366-9031-2ddbcd554300	Х	185bd3a81d9d618518d10abebf0d17a8	1920	1080	85.0	True	16	57
bbea6c89-d836-4d29-96f3-43b5ed04799b	Э	185bd3a81d9d618518d10abebf0d17a8	1920	1080	83.0	True	23	102
03737e2c-f912-493b-ad40-8320ee9fdf30	Ц	185bd3a81d9d618518d10abebf0d17a8	1920	1080	86.0	True	16	66
9ede40ec-0c67-4a57-8337-0037c0151bb1	Н	185bd3a81d9d618518d10abebf0d17a8	1920	1080	84.0	True	14	66
4bbaee59-7610-4bcb-ba8c-ebcba3870e74	В	185bd3a81d9d618518d10abebf0d17a8	1920	1080	136.0	True	28	95
ebb90295-c901-49a8-a404-e5f2c53b434d	Ю	185bd3a81d9d618518d10abebf0d17a8	1920	1080	96.0	True	19	70
b51a318d-67a7-4cab-ab07-25bb2ae930a4	Ш	185bd3a81d9d618518d10abebf0d17a8	1920	1080	151.0	True	35	112
3f0e0fbd-e1b4-4377-8ea9-1f056d732b2c	Ж	185bd3a81d9d618518d10abebf0d17a8	1920	1080	87.0	True	11	65
b2278742-7685-43f9-823e-e957d9862b66	Г	185bd3a81d9d618518d10abebf0d17a8	1920	1080	88.0	True	15	64
2acb8e77-4aba-4202-a99a-0d88f4df45d0	Ф	46dd04a1caa75ed3082b573cb5a3ad26	1920	1080	89.0	True	13	59
d3776bf0-31a9-4908-8304-1269419fb589	Ё	46dd04a1caa75ed3082b573cb5a3ad26	1920	1080	124.0	True	29	96
52a31867-5661-4a33-aeea-416fedc8b029	А	46dd04a1caa75ed3082b573cb5a3ad26	1920	1080	100.0	True	7	38
d259aa8f-5152-441f-bfc1-580ca24665b9	Щ	46dd04a1caa75ed3082b573cb5a3ad26	1920	1080	86.0	True	2	67
c2161a5f-5b07-4af0-8097-f306938967e9	Д	46dd04a1caa75ed3082b573cb5a3ad26	1920	1080	93.0	True	11	63
05f47963-0032-4783-a853-4d96c7a976d1	З	46dd04a1caa75ed3082b573cb5a3ad26	1920	1080	76.0	True	2	40
9771b4ab-36db-4675-b900-d976d8c3d62f	Ц	46dd04a1caa75ed3082b573cb5a3ad26	1920	1080	101.0	True	14	70
fe6591da-0698-4e79-83e9-a91ce981571f	Е	46dd04a1caa75ed3082b573cb5a3ad26	1920	1080	101.0	True	18	65
9766e377-f170-4126-82c1-0e83dc4966e1	Ь	46dd04a1caa75ed3082b573cb5a3ad26	1920	1080	88.0	True	7	44
fb1acbb8-ae1d-4671-8b1e-c9543d9a717e	Ы	46dd04a1caa75ed3082b573cb5a3ad26	1920	1080	71.0	True	8	53
0e25c52a-b8a0-4fab-a88c-5dd39821809e	С	46dd04a1caa75ed3082b573cb5a3ad26	1920	1080	111.0	True	15	72
8fb4e5c9-a7df-4bad-b7d7-9d8e497d5a69	Н	46dd04a1caa75ed3082b573cb5a3ad26	1920	1080	99.0	True	19	56
be1e6470-e179-470f-a4cc-fc5f4a3f5596	Ю	46dd04a1caa75ed3082b573cb5a3ad26	1920	1080	107.0	True	13	71
c9e2dbd1-ec2f-4382-a80e-5bca8396a9b1	Я	46dd04a1caa75ed3082b573cb5a3ad26	1920	1080	106.0	True	22	80
35d8ff5d-46ef-4a19-b6e4-ba32bc3a0ebb	Ъ	46dd04a1caa75ed3082b573cb5a3ad26	1920	1080	87.0	True	14	46
cf3b74e1-3a83-44e7-ad73-5d2825c6b446	Ч	46dd04a1caa75ed3082b573cb5a3ad26	1920	1080	101.0	True	14	61
8f1f6b37-d0e3-416f-aecc-35975221fd36	П	46dd04a1caa75ed3082b573cb5a3ad26	1920	1080	108.0	True	34	70
f6a9f47e-d05b-4ab0-830c-62695f50b7a3	Р	46dd04a1caa75ed3082b573cb5a3ad26	1920	1080	71.0	True	7	41
26597670-0aab-41e2-97c1-0231207bb8e4	Б	46dd04a1caa75ed3082b573cb5a3ad26	1920	1080	89.0	True	6	58
bc669be7-d25e-4235-88bc-899be22b8ec5	Х	46dd04a1caa75ed3082b573cb5a3ad26	1920	1080	86.0	True	9	55
d48a9649-974b-4185-bff1-368b4dacd89f	Э	46dd04a1caa75ed3082b573cb5a3ad26	1920	1080	93.0	True	15	58
bbb5ba86-66f0-412d-91c0-858a991949c3	Л	46dd04a1caa75ed3082b573cb5a3ad26	1920	1080	92.0	True	15	57
53e6bfc5-de91-49f4-96de-1269f3a75330	Й	46dd04a1caa75ed3082b573cb5a3ad26	1920	1080	66.0	True	0	38
fdbcc5f4-d0ff-4933-bfb8-1f08e43254ed	Ш	46dd04a1caa75ed3082b573cb5a3ad26	1920	1080	66.0	True	3	42
3ef363c9-64e1-496a-a385-b831d9c72a7c	Ж	46dd04a1caa75ed3082b573cb5a3ad26	1920	1080	107.0	True	9	72
5cc93e00-3d85-45d8-b1ea-df2ce3fe374b	Г	46dd04a1caa75ed3082b573cb5a3ad26	1920	1080	102.0	True	15	62
eb72178c-7020-4cff-9123-2c1a90695d41	З	95af8e702c909eee7145c6dc1a3d756b	1280	720	116.0	True	30	89
59cbf994-7b34-4c53-a4a4-b4b1a3169a0e	Х	95af8e702c909eee7145c6dc1a3d756b	1280	720	76.0	True	2	50
8d3335ad-5fdb-4804-a1b0-5328bfde4c16	М	95af8e702c909eee7145c6dc1a3d756b	1280	720	73.0	True	13	56
d9171a06-bbad-4278-95b7-4e8c1b551e2d	Б	95af8e702c909eee7145c6dc1a3d756b	1280	720	99.0	True	3	79
19614c38-11a7-4ba4-9f60-0cd1cd665193	Ш	95af8e702c909eee7145c6dc1a3d756b	1280	720	69.0	True	5	55
19ec286d-6275-489a-8f14-ac76268ab9d9	Т	95af8e702c909eee7145c6dc1a3d756b	1280	720	65.0	True	0	44
b20b8829-b443-45e8-8ae0-5a9652ccfdf7	А	95af8e702c909eee7145c6dc1a3d756b	1280	720	82.0	True	30	78
3badf827-763f-4acc-a948-4d3d492f2ea2	Р	95af8e702c909eee7145c6dc1a3d756b	1280	720	64.0	True	0	46
09392ee3-d864-4f25-8f55-d9997f9a5d28	Ы	db573f94204e56e0cf3fc2ea000e5bdc	1280	720	121.0	True	18	71
3460235b-139b-42cd-905e-7c95c5fd50d4	Э	db573f94204e56e0cf3fc2ea000e5bdc	1280	720	94.0	True	0	49
d91a297a-e8f1-4c90-8095-4e02dc7094b1	Ъ	db573f94204e56e0cf3fc2ea000e5bdc	1280	720	88.0	True	0	39
0d2f1657-fbc7-45a1-857c-7d068904f05f	Б	db573f94204e56e0cf3fc2ea000e5bdc	1280	720	96.0	True	3	52
b591e692-7ef5-4d89-8db4-ba324b8056f0	З	db573f94204e56e0cf3fc2ea000e5bdc	1280	720	91.0	True	4	48
dde71173-2834-426e-b09f-88478a19e7d2	Ё	db573f94204e56e0cf3fc2ea000e5bdc	1280	720	88.0	True	0	38
dfbd7d09-04bb-442a-a807-8375defa95b0	Щ	db573f94204e56e0cf3fc2ea000e5bdc	1280	720	115.0	True	5	51
d228da91-495a-4d6d-833a-64bf5dfcf26e	Н	db573f94204e56e0cf3fc2ea000e5bdc	1280	720	121.0	True	9	54
d106b355-511f-4098-b30d-2704cb0b0f63	С	db573f94204e56e0cf3fc2ea000e5bdc	1280	720	111.0	True	5	57
b5e4d436-d6c3-4fa0-a1de-3768d05d215e	Е	db573f94204e56e0cf3fc2ea000e5bdc	1280	720	96.0	True	0	55
810f5023-eb96-45c4-99fe-c5bb015bbcf3	Ц	db573f94204e56e0cf3fc2ea000e5bdc	1280	720	107.0	True	1	49
3dbb1d1e-5260-44ff-9bdd-f88c504a802a	У	db573f94204e56e0cf3fc2ea000e5bdc	1280	720	111.0	True	2	44
0a1b79d6-3b30-4fc8-8755-365c17884892	В	db573f94204e56e0cf3fc2ea000e5bdc	1280	720	112.0	True	1	50
5588ffe4-5634-4895-a0b2-d4d50e37d5cf	К	db573f94204e56e0cf3fc2ea000e5bdc	1280	720	113.0	True	1	50
04f032ae-3b7d-4511-b799-959d35c1010e	Ж	db573f94204e56e0cf3fc2ea000e5bdc	1280	720	114.0	True	2	57
71eb172e-999b-4ba2-8548-15918322b9f7	Х	db573f94204e56e0cf3fc2ea000e5bdc	1280	720	116.0	True	2	46
724e75ad-3bce-42a1-a8e4-f146d8d018f4	Ю	db573f94204e56e0cf3fc2ea000e5bdc	1280	720	114.0	True	5	61
d7c18365-669d-45b8-9a32-9d7f1e599052	Т	db573f94204e56e0cf3fc2ea000e5bdc	1280	720	104.0	True	6	59
f2da1f31-1c01-47e6-9017-b3c01cde85aa	М	db573f94204e56e0cf3fc2ea000e5bdc	1280	720	100.0	True	6	55
4a812789-54f3-45c5-bb49-af77861c2598	Й	db573f94204e56e0cf3fc2ea000e5bdc	1280	720	98.0	True	6	60
5823695f-901d-4958-8f61-7434acddd406	Ь	db573f94204e56e0cf3fc2ea000e5bdc	1280	720	116.0	True	5	66
a984c6e3-c3f6-44a1-8ea0-fc4178355a80	Ш	db573f94204e56e0cf3fc2ea000e5bdc	1280	720	102.0	True	4	57
cd31a981-0638-4ac3-bcdd-3cacf724c827	А	db573f94204e56e0cf3fc2ea000e5bdc	1280	720	112.0	True	3	61
f976ae21-a57d-4a52-920a-798441917b65	О	db573f94204e56e0cf3fc2ea000e5bdc	1280	720	86.0	True	0	46
bf841fea-1ede-4aa0-8b3c-b167ab0e078c	Р	db573f94204e56e0cf3fc2ea000e5bdc	1280	720	90.0	True	2	45
9e2fba94-493c-42fd-ba1c-ff6b7eccada5	Ч	db573f94204e56e0cf3fc2ea000e5bdc	1280	720	99.0	True	3	47
3f72244c-7379-4403-b7ee-e1b1b8d78d46	Я	db573f94204e56e0cf3fc2ea000e5bdc	1280	720	94.0	True	9	58
17c4de6e-278b-4f32-bb22-533cf025442f	П	db573f94204e56e0cf3fc2ea000e5bdc	1280	720	102.0	True	4	59
080a7c4b-48e3-4355-b065-791808a7dff5	Д	db573f94204e56e0cf3fc2ea000e5bdc	1280	720	92.0	True	2	48
dcf91819-330f-4419-9ef8-658308a15c46	Ф	db573f94204e56e0cf3fc2ea000e5bdc	1280	720	84.0	True	0	43
10a793c0-1456-462f-857d-40b2130f247b	И	db573f94204e56e0cf3fc2ea000e5bdc	1280	720	84.0	True	0	43
9c05f71d-19d6-4067-b75c-4322b4e14df6	Л	db573f94204e56e0cf3fc2ea000e5bdc	1280	720	101.0	True	1	56
7804f4a2-5eb8-4924-b554-a06d42bd9d56	Г	db573f94204e56e0cf3fc2ea000e5bdc	1280	720	98.0	True	3	53
41c4958b-7bb4-4ba2-94b3-ac368ca172e2	Б	0211b488644476dd0fec656ccb9b74fc	1920	1080	87.0	True	13	51
919c7cdb-1565-4d60-ab08-fc4246c51417	Щ	0211b488644476dd0fec656ccb9b74fc	1920	1080	93.0	True	19	62
5ed7a1f8-6190-4bca-ac27-b5adc1e0f8d4	К	0211b488644476dd0fec656ccb9b74fc	1920	1080	90.0	True	13	58
298d8d03-b370-4fe3-ac24-7c882878196a	Е	0211b488644476dd0fec656ccb9b74fc	1920	1080	77.0	True	12	50
131cc84f-e8e0-4362-ab01-e8fb5eb0ab1b	С	0211b488644476dd0fec656ccb9b74fc	1920	1080	70.0	True	3	44
fc06a733-fce4-4cc1-9a10-4d98fe025fd9	Э	0211b488644476dd0fec656ccb9b74fc	1920	1080	78.0	True	9	51
46b8313e-8281-41ad-8d01-29c8a49bfbf5	А	0211b488644476dd0fec656ccb9b74fc	1920	1080	78.0	True	13	49
665e5a3e-b00a-464c-9769-135dade02dd4	Ы	0211b488644476dd0fec656ccb9b74fc	1920	1080	74.0	True	9	49
e5d1f698-df2d-406c-96d2-74c3240541a2	Т	0211b488644476dd0fec656ccb9b74fc	1920	1080	76.0	True	6	49
74bdadc0-b81c-4429-b4bc-355b0bbbf6fd	Ч	0211b488644476dd0fec656ccb9b74fc	1920	1080	93.0	True	11	64
6bc3898c-b61b-4f2c-8068-eae46c70d935	Ё	0211b488644476dd0fec656ccb9b74fc	1920	1080	104.0	True	15	81
5adf08e2-4ff6-4183-ba22-446c1cd0b0f8	Я	0211b488644476dd0fec656ccb9b74fc	1920	1080	97.0	True	20	70
4e9a6788-4d44-4030-8ab9-8f2feeb36a16	Ъ	0211b488644476dd0fec656ccb9b74fc	1920	1080	85.0	True	13	55
009e5f36-b170-4665-9515-35f916ef79a8	И	0211b488644476dd0fec656ccb9b74fc	1920	1080	83.0	True	5	56
b1dc51c9-6afc-4753-8f12-d4bc94e01d69	Ф	0211b488644476dd0fec656ccb9b74fc	1920	1080	107.0	True	7	71
397a486d-967f-444b-afd8-de1d93d22517	Н	0211b488644476dd0fec656ccb9b74fc	1920	1080	114.0	True	33	85
75c14dad-88ba-4e71-868b-2dff1095f19a	Ь	0211b488644476dd0fec656ccb9b74fc	1920	1080	110.0	True	20	64
b28e75ff-0b1f-487a-84be-593eb8a3c8b6	М	0211b488644476dd0fec656ccb9b74fc	1920	1080	106.0	True	20	72
fe550cd6-64ff-48d1-812d-aa7d7a0100c1	О	0211b488644476dd0fec656ccb9b74fc	1920	1080	76.0	True	9	44
bbf6bc0e-ba59-4e0a-a18c-70c6658789c3	П	0211b488644476dd0fec656ccb9b74fc	1920	1080	99.0	True	8	54
a8b7c2d5-8998-4413-af71-959cda43a830	Х	0211b488644476dd0fec656ccb9b74fc	1080	1920	97.0	True	21	63
ae95690c-1795-450f-85b8-dfb352136357	У	0211b488644476dd0fec656ccb9b74fc	1080	1920	112.0	True	34	72
e63da25a-96ea-4791-aa12-d44630664e5e	Й	0211b488644476dd0fec656ccb9b74fc	1080	1920	133.0	True	49	111
5af41d9b-c1da-48bb-8cad-eee759920b0c	Д	0211b488644476dd0fec656ccb9b74fc	1080	1920	121.0	True	32	90
b3ed8c72-c9eb-4309-9f01-92d828f42829	Ц	0211b488644476dd0fec656ccb9b74fc	1080	1920	122.0	True	38	92
3d120451-d3f6-4dd4-abb1-6ee8c9feb5ba	Л	0211b488644476dd0fec656ccb9b74fc	1080	1920	113.0	True	19	82
38fa29d6-0fb1-4ac8-ad0d-1fa490163ad6	В	0211b488644476dd0fec656ccb9b74fc	1080	1920	105.0	True	29	73
92e4b9c5-4657-4269-99ff-e59321c05559	Ю	0211b488644476dd0fec656ccb9b74fc	1080	1920	106.0	True	25	70
f0b664f8-037f-45e0-9b6e-c48b0f6e2f4b	Ж	0211b488644476dd0fec656ccb9b74fc	1080	1920	101.0	True	14	65
a445a9f7-0027-4307-a81c-6e7e06081dde	Г	0211b488644476dd0fec656ccb9b74fc	1080	1920	120.0	True	29	71
13a148fc-a546-47ab-b5d0-f9d0c3cce1de	Я	2d84da20c251acaeb3186642fcb04f2e	1920	1080	85.0	True	17	44
b01eb1d8-45d4-4d36-90d4-c9f8633448a7	П	b07a773bcb10b4f14f33d2b0e8ec58ba	720	1280	90.0	True	15	64
47827246-6f58-45aa-9606-6f6ad535a957	Ы	b07a773bcb10b4f14f33d2b0e8ec58ba	720	1280	108.0	True	17	47
cf80a3f7-72db-4760-b61a-9e9790b1556d	Ё	b07a773bcb10b4f14f33d2b0e8ec58ba	720	1280	113.0	True	24	81
332e269b-b116-4a4c-aeb1-c80ef96a05a4	Ъ	b07a773bcb10b4f14f33d2b0e8ec58ba	720	1280	137.0	True	36	90
9f18fc88-c464-4e09-bef2-fd562b67bc42	М	b07a773bcb10b4f14f33d2b0e8ec58ba	720	1280	130.0	True	24	99
8a347e81-bdbd-4afd-8e36-209412f73358	Я	b07a773bcb10b4f14f33d2b0e8ec58ba	720	1280	139.0	True	52	91
e161c26f-b099-4cd2-a567-2bd1fabc052f	Ч	b07a773bcb10b4f14f33d2b0e8ec58ba	720	1280	148.0	True	62	120
9e2c5f70-eb61-4c53-bd8a-e8a6b10a6eaa	Ф	b07a773bcb10b4f14f33d2b0e8ec58ba	720	1280	127.0	True	43	100
a4f7606c-7202-4e5f-b4fb-73ae07b801f0	Л	b07a773bcb10b4f14f33d2b0e8ec58ba	720	1280	107.0	True	32	79
30ec247d-c119-45db-b9a4-9fd53fc1111c	С	b07a773bcb10b4f14f33d2b0e8ec58ba	720	1280	142.0	True	39	115
b63d4098-59aa-4dc6-9e7a-479c9f56aa0a	Е	b07a773bcb10b4f14f33d2b0e8ec58ba	720	1280	106.0	True	0	63
ea524124-96a0-49be-b427-9e95d7b8a64b	Щ	b07a773bcb10b4f14f33d2b0e8ec58ba	720	1280	112.0	True	7	77
b458ea12-4097-426e-8f13-9976f62c87db	Ш	b07a773bcb10b4f14f33d2b0e8ec58ba	720	1280	157.0	True	63	130
52f3f7bc-957b-4261-828a-349fc8d4d729	Р	b07a773bcb10b4f14f33d2b0e8ec58ba	720	1280	106.0	True	27	72
19fb9623-adda-492b-ba03-98fa835fac40	Э	b07a773bcb10b4f14f33d2b0e8ec58ba	720	1280	74.0	True	4	56
e9e566e5-5e9e-4a6c-97d7-2fb5e3e252a6	Ь	b07a773bcb10b4f14f33d2b0e8ec58ba	720	1280	144.0	True	50	100
7f71d47a-2381-4881-8301-96ddb7f559b9	Г	b07a773bcb10b4f14f33d2b0e8ec58ba	720	1280	125.0	True	35	71
e1200d57-9b53-4ffa-ab7d-e3e43549e7fc	Н	b07a773bcb10b4f14f33d2b0e8ec58ba	720	1280	148.0	True	34	103
ae4ed66d-1411-4ae6-86f0-dcaa12637e51	Ж	b07a773bcb10b4f14f33d2b0e8ec58ba	720	1280	77.0	True	12	65
5d507b72-9623-47d2-b23b-934ede6c2406	Ж	185bd3a81d9d618518d10abebf0d17a8	1920	1080	118.0	True	29	75
212b48ec-9294-4452-a37d-baba1d537814	Ь	185bd3a81d9d618518d10abebf0d17a8	1920	1080	135.0	True	26	76
33f7e46f-b7b7-4aa9-a5bc-1d159cc35330	Ъ	185bd3a81d9d618518d10abebf0d17a8	1920	1080	121.0	True	28	64
2eb600ae-3b25-48be-8cbd-12cb88bcf789	А	185bd3a81d9d618518d10abebf0d17a8	1920	1080	106.0	True	25	71
30984793-4693-4d3b-9a64-c96fae996ec3	Ю	185bd3a81d9d618518d10abebf0d17a8	1920	1080	114.0	True	30	70
263c171f-9469-4c28-92c9-8e54f0442e04	Э	185bd3a81d9d618518d10abebf0d17a8	1920	1080	125.0	True	30	69
5efcbd6d-781a-4650-9b33-e26bfd64a3e7	П	185bd3a81d9d618518d10abebf0d17a8	1920	1080	130.0	True	22	70
a2092f17-f11c-4a2b-b7e0-c114be5beea1	Ц	185bd3a81d9d618518d10abebf0d17a8	1920	1080	116.0	True	28	68
dffb75f5-117f-4b98-935c-df1fbf77bba8	Й	185bd3a81d9d618518d10abebf0d17a8	1920	1080	125.0	True	23	91
e633679b-74c8-43f0-acc4-91602a383515	Н	185bd3a81d9d618518d10abebf0d17a8	1920	1080	120.0	True	25	81
5fd69893-1e23-4a2b-a7f3-171a24fc2d71	С	185bd3a81d9d618518d10abebf0d17a8	1920	1080	117.0	True	15	72
30805511-6fac-4007-986f-49a24ae571bf	О	185bd3a81d9d618518d10abebf0d17a8	1920	1080	130.0	True	20	88
566caec4-9578-44d1-8034-ee82a87e9dd0	З	185bd3a81d9d618518d10abebf0d17a8	1920	1080	120.0	True	25	77
bc3631fc-7e44-42a8-ad5f-8f1e3f95e482	Ы	185bd3a81d9d618518d10abebf0d17a8	1920	1080	102.0	True	25	61
ce5a2d22-fcb8-41a8-909a-75ad76ba85d2	Щ	185bd3a81d9d618518d10abebf0d17a8	1920	1080	109.0	True	27	71
0b4d353d-bac0-49c8-8e23-57a1fbc9f66a	Ё	185bd3a81d9d618518d10abebf0d17a8	1920	1080	121.0	True	24	78
a914c1c0-7d4f-4bd5-990e-7f8b3a3cc14d	Ш	185bd3a81d9d618518d10abebf0d17a8	1920	1080	97.0	True	25	77
862a7a4c-253a-4ba6-9815-a96891017a59	Л	185bd3a81d9d618518d10abebf0d17a8	1920	1080	136.0	True	27	98
0b660cb2-1d88-4bc1-b7fe-3310cd8ce297	М	185bd3a81d9d618518d10abebf0d17a8	1920	1080	124.0	True	32	75
a3485937-1fb1-4084-a965-311e796f059d	Ф	185bd3a81d9d618518d10abebf0d17a8	1920	1080	126.0	True	27	86
94dc7292-d384-4a4d-acb4-f326b4b184ea	Х	185bd3a81d9d618518d10abebf0d17a8	1920	1080	113.0	True	27	71
a0f50df9-2138-452e-b0c7-3eb4ad1b9136	Д	185bd3a81d9d618518d10abebf0d17a8	1920	1080	124.0	True	31	86
bb794d73-3958-44db-a2a8-b4e3cab605e6	Ч	185bd3a81d9d618518d10abebf0d17a8	1920	1080	133.0	True	26	93
eb40b664-58e8-45a7-83ef-d1fcf849c894	Б	185bd3a81d9d618518d10abebf0d17a8	1920	1080	123.0	True	33	77
57b4d5da-0ea7-4cc3-a45c-1dc3e730a327	Е	185bd3a81d9d618518d10abebf0d17a8	1920	1080	128.0	True	33	91
1e5f72a7-5e90-4339-b4be-b3368a25ae8b	Г	185bd3a81d9d618518d10abebf0d17a8	1920	1080	125.0	True	19	90
929bc88f-b969-4b01-8b22-63a1cefa2ca5	Р	185bd3a81d9d618518d10abebf0d17a8	1920	1080	116.0	True	20	82
105ce894-0697-41c3-954e-6f52e88e5653	Й	db573f94204e56e0cf3fc2ea000e5bdc	1280	720	111.0	True	15	62
1008ba01-7482-4052-ad7c-50711c3b3518	О	db573f94204e56e0cf3fc2ea000e5bdc	1280	720	100.0	True	6	49
b3ea22d8-5cd7-4678-aee8-7b5b73a0a732	П	db573f94204e56e0cf3fc2ea000e5bdc	1280	720	112.0	True	13	67
af652f95-b397-40fc-ae3b-4dc9024eac33	Ы	db573f94204e56e0cf3fc2ea000e5bdc	1280	720	109.0	True	6	49
37deb6f6-0501-4a77-95c8-54a74721812a	Я	db573f94204e56e0cf3fc2ea000e5bdc	1280	720	102.0	True	13	55
77109193-f73e-432f-bbc2-300976a59fbc	Ъ	db573f94204e56e0cf3fc2ea000e5bdc	1280	720	112.0	True	12	69
97782496-bcab-4dd9-b20a-02108149b3ef	Л	db573f94204e56e0cf3fc2ea000e5bdc	1280	720	105.0	True	13	68
508e83c2-823d-4dc7-9f83-6d1a3d3f6b51	Т	db573f94204e56e0cf3fc2ea000e5bdc	1280	720	120.0	True	19	73
e1bd3738-2332-4f25-bd31-67c43bea8674	К	db573f94204e56e0cf3fc2ea000e5bdc	1280	720	90.0	True	3	46
81a38aae-f20b-4203-bb28-14eb62abd52e	Х	db573f94204e56e0cf3fc2ea000e5bdc	1280	720	86.0	True	6	38
786a1882-85e7-41d6-bb7d-f3159e3aec22	А	db573f94204e56e0cf3fc2ea000e5bdc	1280	720	112.0	True	22	70
7bdfd104-d31c-4209-9951-1f6b914d6357	М	db573f94204e56e0cf3fc2ea000e5bdc	1280	720	120.0	True	22	75
25584258-6ef9-4edc-a956-e3e6a7d0c212	Н	db573f94204e56e0cf3fc2ea000e5bdc	1280	720	102.0	True	6	58
aa4326cf-5f25-4358-b46f-8693073e530e	С	db573f94204e56e0cf3fc2ea000e5bdc	1280	720	91.0	True	3	35
03e89c9f-fcb2-4431-9afa-337766b3b472	Е	db573f94204e56e0cf3fc2ea000e5bdc	1280	720	99.0	True	4	61
195f61c3-1978-4b5a-ab38-40acc6ae9176	Ё	db573f94204e56e0cf3fc2ea000e5bdc	1280	720	111.0	True	7	53
86c8505e-89b2-4368-b8d5-03d4932b4c80	Ц	db573f94204e56e0cf3fc2ea000e5bdc	1280	720	103.0	True	26	63
cfb720d5-846c-4ddc-97c1-98d4373fd47c	Ч	db573f94204e56e0cf3fc2ea000e5bdc	1280	720	102.0	True	7	53
71320e2d-6c7d-4c67-bb57-b25d3d42b718	Ю	db573f94204e56e0cf3fc2ea000e5bdc	1280	720	106.0	True	11	68
3690b058-726e-4bb6-821b-3d574553a70b	Ш	db573f94204e56e0cf3fc2ea000e5bdc	1280	720	99.0	True	10	54
41398cb0-2788-4049-8462-0a97dae09f68	В	db573f94204e56e0cf3fc2ea000e5bdc	1280	720	97.0	True	4	56
033fbba1-1f34-4804-a0c3-bb77dfd038ab	Ж	db573f94204e56e0cf3fc2ea000e5bdc	1280	720	97.0	True	2	60
97e13c10-7b3f-4095-ba1c-da9841e4de30	Б	db573f94204e56e0cf3fc2ea000e5bdc	1280	720	107.0	True	13	78
c1f76a76-a75e-452b-aff3-22eab8f2f35e	Э	db573f94204e56e0cf3fc2ea000e5bdc	1280	720	117.0	True	16	52
069b6e26-e174-42f4-a33a-41b2a435d77f	И	db573f94204e56e0cf3fc2ea000e5bdc	1280	720	113.0	True	15	70
60b7771c-3e1b-44f0-8dc3-8ad4184465f4	У	db573f94204e56e0cf3fc2ea000e5bdc	1280	720	110.0	True	18	70
ab1debdd-a000-460e-b5c6-f33dfa5b752f	Ф	db573f94204e56e0cf3fc2ea000e5bdc	1280	720	109.0	True	12	72
3f6efd39-e146-4255-8570-9ae0174aa59c	Щ	db573f94204e56e0cf3fc2ea000e5bdc	1280	720	97.0	True	11	49
ef30b95b-897a-405a-b029-4bf5d69147c9	Д	db573f94204e56e0cf3fc2ea000e5bdc	1280	720	98.0	True	19	57
9be83fab-3ee7-40dd-b2a0-7ddf0fceb85a	Р	db573f94204e56e0cf3fc2ea000e5bdc	1280	720	107.0	True	15	68
0e9b1ff8-5ec1-4b35-a983-7e43cd423024	Ь	db573f94204e56e0cf3fc2ea000e5bdc	1280	720	102.0	True	8	62
dee5f59b-ff8e-4f7c-8a9a-6cbb810b1263	З	db573f94204e56e0cf3fc2ea000e5bdc	1280	720	94.0	True	10	49
3c3fa1e0-3f45-4d1a-ab3b-5450a3c74e64	Г	db573f94204e56e0cf3fc2ea000e5bdc	1280	720	96.0	True	5	53
03e4be77-6a35-4864-8d6d-168b8ca42e48	П	46dd04a1caa75ed3082b573cb5a3ad26	1920	822	107.0	True	33	76
f8fdb517-47ed-49ac-a1ae-974cb7f5952d	Д	46dd04a1caa75ed3082b573cb5a3ad26	1920	822	109.0	True	16	61
aeb35848-53c4-4386-86b2-1c56c99a4396	З	46dd04a1caa75ed3082b573cb5a3ad26	1920	822	94.0	True	12	54
0d1a545c-65d7-490b-b3f6-ecc7abcd9a84	А	46dd04a1caa75ed3082b573cb5a3ad26	1920	822	103.0	True	14	55
cf5611dd-b05a-4973-810c-3d643a798631	Ь	46dd04a1caa75ed3082b573cb5a3ad26	1920	822	98.0	True	7	53
6cf919ed-88ce-44ed-a1c5-1538f507e5f5	Ф	46dd04a1caa75ed3082b573cb5a3ad26	1920	822	98.0	True	8	62
2ff28192-9dcd-46d1-b313-90d618e2c771	Ш	46dd04a1caa75ed3082b573cb5a3ad26	1920	822	98.0	True	5	51
5e4ed118-cf16-4073-a164-6818b3cebc76	Х	46dd04a1caa75ed3082b573cb5a3ad26	1920	822	91.0	True	8	43
a5129bce-af6e-4957-ab5c-7271719f65c1	Я	46dd04a1caa75ed3082b573cb5a3ad26	1920	822	89.0	True	12	55
eb4002ef-1895-48a8-890c-08521d47f82b	Щ	46dd04a1caa75ed3082b573cb5a3ad26	1920	822	92.0	True	6	39
591f84b9-8f69-4271-9495-384a3948e230	С	46dd04a1caa75ed3082b573cb5a3ad26	1920	822	87.0	True	0	48
d0385101-125d-4092-8886-db51aba67bbd	Е	46dd04a1caa75ed3082b573cb5a3ad26	1920	822	92.0	True	7	37
e5f43aae-b0cc-4caf-959c-763700226ff9	Э	46dd04a1caa75ed3082b573cb5a3ad26	1920	822	85.0	True	2	48
e4750e7d-76d5-4950-9f9c-4c38ba5f34cb	Б	46dd04a1caa75ed3082b573cb5a3ad26	1920	822	83.0	True	0	35
7f36d328-7812-4a78-be00-7a5e6b93d662	Ё	46dd04a1caa75ed3082b573cb5a3ad26	1920	822	91.0	True	7	50
f99bc0b6-5d67-448a-af4d-ad8ba4a639d3	М	46dd04a1caa75ed3082b573cb5a3ad26	1920	822	105.0	True	16	54
b56f68c6-ebed-41f1-b266-61a8c81fae89	Ю	46dd04a1caa75ed3082b573cb5a3ad26	1920	822	88.0	True	16	62
3b47612f-f41d-4704-9990-19cb5dcc43d1	Р	46dd04a1caa75ed3082b573cb5a3ad26	1920	822	95.0	True	11	51
2ef0278d-a7f9-48fd-9fb6-c428d2a552b1	Ц	46dd04a1caa75ed3082b573cb5a3ad26	1920	822	98.0	True	10	50
4583f85e-016e-402e-a5ae-a06ed556af9f	Ъ	46dd04a1caa75ed3082b573cb5a3ad26	1920	822	100.0	True	1	50
014e7728-2e05-40dc-b43b-1a820769b186	Ж	46dd04a1caa75ed3082b573cb5a3ad26	1920	822	89.0	True	4	45
6ed46aab-d4fa-4b28-b854-715c21d76b8f	Т	46dd04a1caa75ed3082b573cb5a3ad26	1920	822	95.0	True	25	54
58c76264-f51b-414a-beac-018027922b9c	Л	46dd04a1caa75ed3082b573cb5a3ad26	1920	822	94.0	True	9	53
d0485aa8-5b61-4fb7-a224-aaa31239ae5e	Й	46dd04a1caa75ed3082b573cb5a3ad26	1920	822	81.0	True	3	36
f2d3a297-8641-4818-9013-66033015be08	Ы	46dd04a1caa75ed3082b573cb5a3ad26	1920	822	87.0	True	7	48
e8dfb2b9-e2a0-4561-8063-f869da35ee5b	Н	46dd04a1caa75ed3082b573cb5a3ad26	1920	822	90.0	True	6	49
57a9fd07-244d-4a8f-a597-80f8eb1a72b5	Ч	46dd04a1caa75ed3082b573cb5a3ad26	1920	822	114.0	True	12	56
e0020335-d148-4338-bddb-970730114358	Г	46dd04a1caa75ed3082b573cb5a3ad26	1920	822	92.0	True	7	49
80bd23cc-1fad-4670-b00c-96aae0776321	Й	95af8e702c909eee7145c6dc1a3d756b	1280	720	83.0	True	15	58
c0c87d41-495f-42b7-9300-29d4a8997170	Ю	95af8e702c909eee7145c6dc1a3d756b	1280	720	108.0	True	23	81
ab97b93b-1a28-437c-9a3a-deb5b430bea2	Б	95af8e702c909eee7145c6dc1a3d756b	1280	720	79.0	True	2	48
65dc174d-cd0a-47f8-860a-faf810214a38	З	95af8e702c909eee7145c6dc1a3d756b	1280	720	84.0	True	4	37
96140a34-d997-45e8-8b46-510cb9942332	Ы	0211b488644476dd0fec656ccb9b74fc	1920	1080	79.0	True	10	44
cae374bf-90b5-43ba-9577-d309879ac111	Ь	0211b488644476dd0fec656ccb9b74fc	1920	1080	93.0	True	15	59
fe3c3f75-a971-447a-a365-a38b31b40539	Я	0211b488644476dd0fec656ccb9b74fc	1920	1080	94.0	True	22	59
6831265d-b40f-40ec-915f-e4ff13cce650	П	0211b488644476dd0fec656ccb9b74fc	1920	1080	99.0	True	18	76
80df3cc7-6b4e-4d2f-afce-c053a4ce1ad1	Щ	0211b488644476dd0fec656ccb9b74fc	1920	1080	96.0	True	15	66
3cd6e89f-4672-417e-b897-29c30d603b05	Ц	0211b488644476dd0fec656ccb9b74fc	1920	1080	85.0	True	13	57
50f1e0bc-2443-404b-87c9-61fa9b3a776f	Э	0211b488644476dd0fec656ccb9b74fc	1920	1080	95.0	True	9	60
8d514e04-016d-4f56-b8f3-338b3a033a5f	А	0211b488644476dd0fec656ccb9b74fc	1920	1080	70.0	True	10	48
c147c899-5ac6-4b41-9ea7-96bab862963d	Ъ	0211b488644476dd0fec656ccb9b74fc	1920	1080	86.0	True	13	49
a922f988-f275-41e0-ab1f-0da727c8d100	У	0211b488644476dd0fec656ccb9b74fc	1920	1080	67.0	True	1	39
bf6486bc-de9c-412d-bfb2-85239bfe7009	Ш	0211b488644476dd0fec656ccb9b74fc	1920	1080	81.0	True	6	56
5d02824b-c071-406c-8173-6fe5dc6ab782	О	0211b488644476dd0fec656ccb9b74fc	1920	1080	68.0	True	7	41
f3f0f711-7e33-4cb8-b984-2a2b7b461475	Н	0211b488644476dd0fec656ccb9b74fc	1920	1080	72.0	True	4	41
54d3779f-9897-4701-9f37-cadd4d8f301d	Ж	0211b488644476dd0fec656ccb9b74fc	1920	1080	86.0	True	14	58
1714ec04-8ad7-47c5-8d16-cd113b20a94e	Ё	0211b488644476dd0fec656ccb9b74fc	1920	1080	98.0	True	14	56
d184bb99-cd1a-45f4-b782-b7fe70df76cb	Ф	0211b488644476dd0fec656ccb9b74fc	1920	1080	78.0	True	9	49
70553e96-8ea7-43d6-96c2-b6debc97cf66	Т	0211b488644476dd0fec656ccb9b74fc	1920	1080	80.0	True	0	44
6a97925a-e200-4472-bb98-1688c40dc215	Б	0211b488644476dd0fec656ccb9b74fc	1920	1080	93.0	True	18	64
6dac1734-2a71-4324-a30d-994eae533c2e	Ю	0211b488644476dd0fec656ccb9b74fc	1920	1080	85.0	True	5	56
df477195-6bf1-42c2-93da-b758672c41b2	Р	0211b488644476dd0fec656ccb9b74fc	1920	1080	81.0	True	7	55
ffaf2d26-7ea6-4ad8-bce9-fc6ae1d97fe7	И	0211b488644476dd0fec656ccb9b74fc	1920	1080	77.0	True	6	46
2b9ceb27-0574-4c1b-879c-d52a595785bd	Д	0211b488644476dd0fec656ccb9b74fc	1920	1080	94.0	True	16	59
4cc0cdad-8517-4dfd-bd25-616c7a0f90b7	К	0211b488644476dd0fec656ccb9b74fc	1920	1080	59.0	True	8	33
77aa8bfb-d3d2-4835-a3ce-baad62a0481c	Л	0211b488644476dd0fec656ccb9b74fc	1920	1080	66.0	True	2	38
fc09ddfd-c2c9-4c68-89bf-c4f3bbf9d135	Ч	0211b488644476dd0fec656ccb9b74fc	1920	1080	102.0	True	11	75
c4bc4549-b0f1-412d-b501-2fbb7f5b89de	Й	0211b488644476dd0fec656ccb9b74fc	1920	1080	78.0	True	5	51
8b7ac0f7-08d1-4cce-9315-832ddf19eb1b	Х	0211b488644476dd0fec656ccb9b74fc	1920	1080	81.0	True	17	46
dded1e18-cda0-4d58-bc42-079caf9a9a20	З	0211b488644476dd0fec656ccb9b74fc	1920	1080	92.0	True	9	55
95ad5c55-b2d2-4d46-a281-e55e68e2a423	С	0211b488644476dd0fec656ccb9b74fc	1920	1080	52.0	True	7	28
190846b1-d1a1-46fe-8efd-54a29cde119f	Е	0211b488644476dd0fec656ccb9b74fc	1920	1080	73.0	True	0	43
fc45bd6a-e1bc-4b8e-9bb8-f6483fe318f0	М	0211b488644476dd0fec656ccb9b74fc	1920	1080	91.0	True	8	60
c183e11e-c7ed-47be-892c-01bd00035d3e	Г	0211b488644476dd0fec656ccb9b74fc	1920	1080	78.0	True	7	41
f53bacd3-0121-482d-87ed-bf3a7e12b7b5	В	0211b488644476dd0fec656ccb9b74fc	1920	1080	71.0	True	1	41
88448b9a-8237-4c04-9840-bf288842ddf4	Л	b07a773bcb10b4f14f33d2b0e8ec58ba	720	1280	152.0	True	51	99
50c297dc-2c8a-492e-8305-8e6d9f7c5ffa	Э	b07a773bcb10b4f14f33d2b0e8ec58ba	720	1280	186.0	True	73	148
f936868d-691a-4b0d-a90f-5a3ab801a255	Х	b07a773bcb10b4f14f33d2b0e8ec58ba	720	1280	170.0	True	67	108
8796b6a0-18bd-46cf-899f-1cb2debd78a6	З	b07a773bcb10b4f14f33d2b0e8ec58ba	720	1280	161.0	True	60	114
c9a72843-cb99-43a5-abc2-c929286d0f83	Ш	b07a773bcb10b4f14f33d2b0e8ec58ba	720	1280	194.0	True	66	121
2fdc54e6-f9e9-4f62-9222-ef264d43243b	Н	b07a773bcb10b4f14f33d2b0e8ec58ba	720	1280	167.0	True	61	111
3f62dd35-258f-48e2-911c-f82d1da80ed5	Ы	b07a773bcb10b4f14f33d2b0e8ec58ba	720	1280	152.0	True	58	101
13882d04-6089-4ebf-b43a-3d692367dcff	Д	b07a773bcb10b4f14f33d2b0e8ec58ba	720	1280	165.0	True	50	121
4e7f5ed6-17e5-4086-9fe0-ad8a58880fda	Ь	b07a773bcb10b4f14f33d2b0e8ec58ba	720	1280	146.0	True	65	96
6c571b2c-558e-4d06-bbba-ddb4aca29c97	Ж	b07a773bcb10b4f14f33d2b0e8ec58ba	720	1280	181.0	True	60	131
fcfbecf0-3f75-4c9d-b901-7fe7d359b3c5	Ф	b07a773bcb10b4f14f33d2b0e8ec58ba	720	1280	158.0	True	46	104
8b1eb90c-5bf6-438e-bc5e-81df57621f33	Ъ	b07a773bcb10b4f14f33d2b0e8ec58ba	720	1280	159.0	True	58	91
81ac2a02-ce68-4618-99f7-36d3ba687a5b	П	b07a773bcb10b4f14f33d2b0e8ec58ba	720	1280	171.0	True	60	124
0eec14b1-6181-49f0-b42f-2f8f274522de	Ч	b07a773bcb10b4f14f33d2b0e8ec58ba	720	1280	176.0	True	76	126
3c7688ae-5cfe-43b1-9784-bace12d2a5dc	Б	b07a773bcb10b4f14f33d2b0e8ec58ba	720	1280	173.0	True	54	133
6dd5fe9b-ae33-4212-8d6c-7cf42f76dd81	А	b07a773bcb10b4f14f33d2b0e8ec58ba	720	1280	143.0	True	49	97
85df1544-5aa8-4136-811d-7725c73a5e32	Ё	b07a773bcb10b4f14f33d2b0e8ec58ba	720	1280	161.0	True	56	118
e2b87413-6716-4b57-af05-6dcdcfb1e50d	Ю	b07a773bcb10b4f14f33d2b0e8ec58ba	720	1280	212.0	True	93	153
35ec7228-ad64-45da-93d0-786ad430c633	Я	b07a773bcb10b4f14f33d2b0e8ec58ba	720	1280	158.0	True	56	113
96ff61b0-63a1-4cba-b785-730af7658239	Ц	b07a773bcb10b4f14f33d2b0e8ec58ba	720	1280	174.0	True	54	133
5bff30aa-1a37-471a-870d-cc0e75852442	Т	b07a773bcb10b4f14f33d2b0e8ec58ba	720	1280	176.0	True	56	116
3e224844-3d7e-4978-b252-a0dc55a12b4f	Е	b07a773bcb10b4f14f33d2b0e8ec58ba	720	1280	141.0	True	47	106
37105b49-b29b-435b-ac05-e954dff799f8	М	b07a773bcb10b4f14f33d2b0e8ec58ba	720	1280	170.0	True	63	126
b7587b70-fc8c-4579-ba5e-690c142ab957	Г	b07a773bcb10b4f14f33d2b0e8ec58ba	720	1280	155.0	True	54	98
5d941c2a-aedb-4ef5-8cc9-a0f0e866602e	Р	b07a773bcb10b4f14f33d2b0e8ec58ba	720	1280	167.0	True	56	122
4de31b45-74dc-4cd3-b3e4-6f5eadd9ae12	Ь	db573f94204e56e0cf3fc2ea000e5bdc	1280	720	127.0	True	34	74
9463784a-a8ce-4449-b468-89fb1d87dc03	Г	db573f94204e56e0cf3fc2ea000e5bdc	1280	720	128.0	True	14	79
9f6c8224-121c-4a79-a3d1-bc982573a9f5	М	db573f94204e56e0cf3fc2ea000e5bdc	1280	720	134.0	True	21	86
3ecf2ec3-b60c-4deb-aca8-5b92d2aebc8d	Й	db573f94204e56e0cf3fc2ea000e5bdc	1280	720	92.0	True	20	51
69cd32ad-4822-44c1-8d78-7d30b5c8fa3e	Ы	db573f94204e56e0cf3fc2ea000e5bdc	1280	720	122.0	True	18	73
5b8c0dc5-46e9-4689-9da5-81a246080391	А	db573f94204e56e0cf3fc2ea000e5bdc	1280	720	109.0	True	13	73
ee0947bb-819e-47c7-beb7-dba965a577cb	З	db573f94204e56e0cf3fc2ea000e5bdc	1280	720	113.0	True	14	56
6f14d9c1-e574-4b59-9f68-45734d15f60d	Т	db573f94204e56e0cf3fc2ea000e5bdc	1280	720	119.0	True	12	75
e7943032-25b2-4c6f-9734-18c0fdb3c685	Э	db573f94204e56e0cf3fc2ea000e5bdc	1280	720	119.0	True	21	67
c41ed60e-19ea-41ed-9b2f-eab43387c3d6	К	db573f94204e56e0cf3fc2ea000e5bdc	1280	720	103.0	True	8	57
17fdf4e2-951f-46ea-9d65-e511502fa610	Я	db573f94204e56e0cf3fc2ea000e5bdc	1280	720	124.0	True	13	78
cb52db9e-2842-4250-b438-4c922e197299	Ж	db573f94204e56e0cf3fc2ea000e5bdc	1280	720	112.0	True	12	66
6aa5782f-27bb-4479-8c34-831ae37078f1	В	db573f94204e56e0cf3fc2ea000e5bdc	1280	720	112.0	True	13	55
ecd48f7b-3cfd-4d20-9728-d8fd06fe1025	О	db573f94204e56e0cf3fc2ea000e5bdc	1280	720	78.0	True	3	48
dea8f3ba-ca90-4005-b322-7014cdbf4007	Х	db573f94204e56e0cf3fc2ea000e5bdc	1280	720	105.0	True	14	61
fcfaacbb-5280-4f4f-aea6-7bc12f04c08d	Ф	db573f94204e56e0cf3fc2ea000e5bdc	1280	720	117.0	True	17	57
25fef97a-25fa-4301-900b-0e1f720cc1b3	Ё	db573f94204e56e0cf3fc2ea000e5bdc	1280	720	115.0	True	14	66
56d286f8-9ad8-4d66-96c1-a79e02f9ef90	Щ	db573f94204e56e0cf3fc2ea000e5bdc	1280	720	117.0	True	18	72
1aee9729-7053-41e6-88f6-2d5574b49c12	И	db573f94204e56e0cf3fc2ea000e5bdc	1280	720	119.0	True	16	71
605277aa-5841-49dc-9079-187f9661c5ac	Ц	db573f94204e56e0cf3fc2ea000e5bdc	1280	720	122.0	True	14	66
0d50c4f7-2101-4998-bdee-15f2238143e3	Л	db573f94204e56e0cf3fc2ea000e5bdc	1280	720	115.0	True	17	65
9c6ef8c5-567b-433f-964e-8c5021884538	У	db573f94204e56e0cf3fc2ea000e5bdc	1280	720	120.0	True	18	72
6bbe952a-a8b7-4869-a8d8-42c27ffb019b	Н	db573f94204e56e0cf3fc2ea000e5bdc	1280	720	117.0	True	17	69
7995d776-342f-40f0-a810-6155bc52dfc2	Ю	db573f94204e56e0cf3fc2ea000e5bdc	1280	720	111.0	True	11	69
50e21cdf-1864-4737-97a4-80a1fadcf155	Д	db573f94204e56e0cf3fc2ea000e5bdc	1280	720	111.0	True	11	63
f0b7d43f-421c-406a-848f-108579dd0b30	Е	db573f94204e56e0cf3fc2ea000e5bdc	1280	720	121.0	True	11	75
452a8560-a7fc-4b57-afcf-27db77d9a766	С	db573f94204e56e0cf3fc2ea000e5bdc	1280	720	122.0	True	21	63
f918028c-5633-44ad-abb8-fff757a4a5b2	Ъ	db573f94204e56e0cf3fc2ea000e5bdc	1280	720	118.0	True	10	54
af84843f-487d-4a18-be7f-bd225dbef88f	П	db573f94204e56e0cf3fc2ea000e5bdc	1280	720	125.0	True	15	72
fe43db8d-c3eb-481d-aae1-2c23da18b37d	Р	db573f94204e56e0cf3fc2ea000e5bdc	1280	720	120.0	True	15	72
667ee26e-ab11-4e9d-b586-705f1188e556	Ш	db573f94204e56e0cf3fc2ea000e5bdc	1280	720	119.0	True	8	64
a50463a4-853e-4798-ab2e-a6b152d76386	Ч	db573f94204e56e0cf3fc2ea000e5bdc	1280	720	123.0	True	15	57
d5d2caca-e886-4e74-a278-1f073e0e43c2	П	0211b488644476dd0fec656ccb9b74fc	1920	1080	79.0	True	14	51
fbadf5a1-e8c2-4f4b-86d1-311eff8cac9b	Н	0211b488644476dd0fec656ccb9b74fc	1920	1080	78.0	True	16	59
0702812e-e3f3-46ea-a11f-cd82d012c381	Г	0211b488644476dd0fec656ccb9b74fc	1920	1080	70.0	True	16	44
c2210649-f49d-4b3d-a77f-1efd76642f3e	Й	0211b488644476dd0fec656ccb9b74fc	1920	1080	69.0	True	12	45
7507f07b-e7c4-4d8b-93a1-322a986a812f	Р	0211b488644476dd0fec656ccb9b74fc	1920	1080	66.0	True	9	39
0c4b86ae-ebe1-4a05-a938-b27dd0dc87e6	Щ	0211b488644476dd0fec656ccb9b74fc	1920	1080	88.0	True	19	58
0ec15dc3-019e-4af1-be19-d03eab886715	Е	0211b488644476dd0fec656ccb9b74fc	1920	1080	69.0	True	16	33
7585ea68-08c7-40b5-85d8-0a096aedb1a8	И	0211b488644476dd0fec656ccb9b74fc	1920	1080	63.0	True	14	48
7799ff73-6cf2-4519-8a5c-3ca3bff7fcf8	Х	0211b488644476dd0fec656ccb9b74fc	1920	1080	63.0	True	8	31
0a7eb354-bbf5-4b22-8711-54078de842e3	Л	0211b488644476dd0fec656ccb9b74fc	1920	1080	84.0	True	17	47
1fec2e4a-ccd7-4f79-9d4d-f6800402bcf0	Ю	0211b488644476dd0fec656ccb9b74fc	1920	1080	51.0	True	4	27
c26f2b43-2fd9-4282-99b9-ecd7d230ecab	З	0211b488644476dd0fec656ccb9b74fc	1920	1080	96.0	True	14	63
a0e75d03-71f3-4618-8ea9-6fb0046a7889	Б	0211b488644476dd0fec656ccb9b74fc	1920	1080	71.0	True	13	39
a2f6f323-3627-445c-81d7-6b50f5276c70	С	0211b488644476dd0fec656ccb9b74fc	1920	1080	55.0	True	5	30
1bfff6ae-4a51-4482-a459-3a0cacae0437	Ч	0211b488644476dd0fec656ccb9b74fc	1920	1080	70.0	True	18	38
b0951b0e-be33-4932-bcf8-bb1e1db41eaf	Ц	0211b488644476dd0fec656ccb9b74fc	1920	1080	79.0	True	18	46
2531ffe7-19e0-4a4e-bd52-76dec2e8eedd	А	0211b488644476dd0fec656ccb9b74fc	1920	1080	67.0	True	15	43
617b9d47-0611-4b7d-8757-e876f64b939b	Э	0211b488644476dd0fec656ccb9b74fc	1920	1080	66.0	True	8	36
7d6f322e-43c7-4694-93db-01b6b5e9d744	Я	0211b488644476dd0fec656ccb9b74fc	1920	1080	75.0	True	13	55
f280cfb6-95b4-4430-81ea-a50963151332	Ж	0211b488644476dd0fec656ccb9b74fc	1920	1080	57.0	True	5	25
64d35bd1-03f7-4259-b201-499aa4e4aaed	У	0211b488644476dd0fec656ccb9b74fc	1920	1080	57.0	True	3	34
ba9bfcd8-0818-4901-af92-99c252c0f5e8	В	0211b488644476dd0fec656ccb9b74fc	1920	1080	58.0	True	8	40
b4ecbc80-d09e-49e3-a588-e63fccb3c07a	Ь	0211b488644476dd0fec656ccb9b74fc	1920	1080	77.0	True	8	46
bb0c3e51-cdf0-4a4b-80a2-2d8548cb6d8f	М	0211b488644476dd0fec656ccb9b74fc	1920	1080	80.0	True	15	41
78df2936-b341-4f5b-9de8-73cc724a1da5	Ы	0211b488644476dd0fec656ccb9b74fc	1920	1080	64.0	True	6	33
7ba11236-e5a8-4206-96ef-8b1bc287aadb	Ф	0211b488644476dd0fec656ccb9b74fc	1920	1080	58.0	True	5	35
8fcb195c-3c36-40b1-b168-de4e0a8702bf	Д	0211b488644476dd0fec656ccb9b74fc	1920	1080	87.0	True	10	48
67f47644-de0c-49c9-968c-a2b155d2740f	Ъ	0211b488644476dd0fec656ccb9b74fc	1920	1080	71.0	True	2	46
76eaf27c-9c2d-4f97-b159-4b2e292e0a3e	Ш	0211b488644476dd0fec656ccb9b74fc	1920	1080	70.0	True	10	52
0e2aeb87-3bff-4e7a-9ded-52b68498f497	К	0211b488644476dd0fec656ccb9b74fc	1920	1080	68.0	True	12	38
0fd7be35-1034-4ebb-9053-c5e46f464a8f	Ё	0211b488644476dd0fec656ccb9b74fc	1920	1080	70.0	True	8	47
5418c479-ece5-4731-a2ba-eb4724ae4799	Т	0211b488644476dd0fec656ccb9b74fc	1920	1080	54.0	True	1	34
0b1b6986-8559-4001-9f75-a9ae0382dfc2	А	185bd3a81d9d618518d10abebf0d17a8	1920	1080	111.0	True	10	52
1c8722e1-bfba-4350-b61f-056f012fa23c	Ы	185bd3a81d9d618518d10abebf0d17a8	1920	1080	101.0	True	7	60
c45ee71d-2a35-442a-8a84-40629279afda	М	185bd3a81d9d618518d10abebf0d17a8	1920	1080	91.0	True	7	52
865061ac-f0d8-4163-b9bf-113530f7807a	Ю	185bd3a81d9d618518d10abebf0d17a8	1920	1080	111.0	True	6	53
6d8c7461-21cf-4fb6-a95f-c4e792974816	Я	185bd3a81d9d618518d10abebf0d17a8	1920	1080	115.0	True	11	75
ef6b897e-9b67-4cf3-9ffe-a1d4a22ec278	Ъ	185bd3a81d9d618518d10abebf0d17a8	1920	1080	110.0	True	11	59
c46eb16f-a6ec-43e3-a762-f260e37a0e5b	Ь	185bd3a81d9d618518d10abebf0d17a8	1920	1080	106.0	True	9	62
f56ba7ef-f39a-44a3-b633-ee29dd9c71dd	Щ	185bd3a81d9d618518d10abebf0d17a8	1920	1080	111.0	True	13	62
60db3c14-94f6-497b-a750-a631bc74b7f3	Д	185bd3a81d9d618518d10abebf0d17a8	1920	1080	99.0	True	11	61
dcbe8706-6f0c-4da4-942c-0e61316e86af	Й	185bd3a81d9d618518d10abebf0d17a8	1920	1080	100.0	True	10	55
1dbbe10a-d0d1-43a5-822a-dcbba52d58c4	Ё	185bd3a81d9d618518d10abebf0d17a8	1920	1080	107.0	True	7	62
7c3ef666-3398-4670-bee4-bb5123f9df20	Э	185bd3a81d9d618518d10abebf0d17a8	1920	1080	113.0	True	11	59
3e781a5a-b923-4b3f-a4b4-3689b47df76d	Ч	185bd3a81d9d618518d10abebf0d17a8	1920	1080	104.0	True	6	58
bfa0cbbb-8e5e-4ca6-b858-d56338826a7a	Х	185bd3a81d9d618518d10abebf0d17a8	1920	1080	105.0	True	13	59
4fc3740c-6919-42ef-a7be-a64a8fe11543	Б	185bd3a81d9d618518d10abebf0d17a8	1920	1080	105.0	True	14	66
d18392a6-feba-45bb-a01e-8a5c57c16885	Г	185bd3a81d9d618518d10abebf0d17a8	1920	1080	100.0	True	4	44
dd7e7424-442a-4b47-a78c-e82b25b3f193	С	185bd3a81d9d618518d10abebf0d17a8	1920	1080	102.0	True	8	55
071f0400-ee14-42dc-8595-92efcf977725	Е	185bd3a81d9d618518d10abebf0d17a8	1920	1080	112.0	True	15	65
7a738638-4d2f-406f-8679-10a8f65a73df	Н	185bd3a81d9d618518d10abebf0d17a8	1920	1080	107.0	True	9	68
bce51007-48c0-43a3-b8a1-22f0ce45981a	Л	185bd3a81d9d618518d10abebf0d17a8	1920	1080	100.0	True	11	52
3cba9cd4-df35-4519-8504-52596e0c07c5	П	185bd3a81d9d618518d10abebf0d17a8	1920	1080	118.0	True	18	68
ddc627c3-0f22-4586-94f9-ba45a38f1e0d	Р	185bd3a81d9d618518d10abebf0d17a8	1920	1080	98.0	True	9	59
0987f6df-f619-46ac-ae6d-ebcde2cff08b	З	185bd3a81d9d618518d10abebf0d17a8	1920	1080	103.0	True	15	60
68ac63c1-7e79-4d57-8e8a-da3d00e2a74c	Ш	185bd3a81d9d618518d10abebf0d17a8	1920	1080	110.0	True	12	65
daf39d3c-2390-44ca-b7d0-c982ac6c8458	Т	185bd3a81d9d618518d10abebf0d17a8	1920	1080	103.0	True	14	51
f340cd75-e287-46b6-a714-f7b1649ba02e	Ж	185bd3a81d9d618518d10abebf0d17a8	1920	1080	106.0	True	12	62
567846ad-0792-409f-8dcc-c5b08b6de853	Ц	185bd3a81d9d618518d10abebf0d17a8	1920	1080	120.0	True	16	61
7603c162-0507-498a-a648-1006ba01054f	Ф	185bd3a81d9d618518d10abebf0d17a8	1920	1080	116.0	True	8	70
ebf18d89-67e4-4be0-9935-f536d0695abb	Е	46dd04a1caa75ed3082b573cb5a3ad26	1920	822	100.0	True	16	56
d0cfd050-763f-49fe-9e24-62fbb925551f	Э	46dd04a1caa75ed3082b573cb5a3ad26	1920	822	92.0	True	11	50
3420eaf2-8285-4515-9318-bba1fd7f2f27	Я	46dd04a1caa75ed3082b573cb5a3ad26	1920	822	93.0	True	12	48
942a943a-60b8-438d-a1b7-dd71b58a0b07	Й	46dd04a1caa75ed3082b573cb5a3ad26	1920	822	90.0	True	11	47
95c2676d-527c-48c8-b7a3-dd15c19d24f8	З	46dd04a1caa75ed3082b573cb5a3ad26	1920	822	77.0	True	5	38
864a4701-e32c-49bc-9b60-cacfa1fdb0f6	Л	46dd04a1caa75ed3082b573cb5a3ad26	1920	822	78.0	True	6	33
e18533fe-d427-4dd9-8834-0a8b1c95240e	Б	46dd04a1caa75ed3082b573cb5a3ad26	1920	822	73.0	True	1	39
c2c8cf3f-06ea-4486-97bc-539d7bcb7455	Х	46dd04a1caa75ed3082b573cb5a3ad26	1920	822	72.0	True	3	31
b1851818-57ea-43e6-bf6f-7c18677d149d	М	46dd04a1caa75ed3082b573cb5a3ad26	1920	822	75.0	True	4	37
d307060e-c144-416b-814d-073a8abd0931	Ы	46dd04a1caa75ed3082b573cb5a3ad26	1920	822	67.0	True	2	35
9dfc8382-c85a-44f3-9630-b405c7f6b29c	Ю	46dd04a1caa75ed3082b573cb5a3ad26	1920	822	80.0	True	3	46
f9c22493-86c1-4a23-b669-09b3ab00a2dd	П	46dd04a1caa75ed3082b573cb5a3ad26	1920	822	81.0	True	7	45
118c7462-34ab-481d-805e-389c57979284	А	46dd04a1caa75ed3082b573cb5a3ad26	1920	822	76.0	True	6	37
e47b9938-1283-4637-ba63-23a466638c2f	Д	46dd04a1caa75ed3082b573cb5a3ad26	1920	822	77.0	True	3	46
c8151edd-0f9b-42ca-84f6-0b324bebf8a2	Р	46dd04a1caa75ed3082b573cb5a3ad26	1920	822	69.0	True	7	35
56575f5d-abab-4a60-8737-496dd2287e68	Ъ	46dd04a1caa75ed3082b573cb5a3ad26	1920	822	88.0	True	4	42
1454bf60-cfd1-42bb-8c92-f0ba50584149	Т	46dd04a1caa75ed3082b573cb5a3ad26	1920	822	79.0	True	6	46
f5418e07-b326-4d28-a3ca-456652d7adb6	Ж	46dd04a1caa75ed3082b573cb5a3ad26	1920	822	83.0	True	4	42
f9e26891-c9f4-4657-a0a1-2b66985fe92c	Щ	46dd04a1caa75ed3082b573cb5a3ad26	1920	822	88.0	True	7	51
558b9078-87d9-4fb9-8182-456b55215f5c	Г	46dd04a1caa75ed3082b573cb5a3ad26	1920	822	77.0	True	2	39
3447aad8-da8a-467b-9ff9-ca95bfc4b893	Ь	46dd04a1caa75ed3082b573cb5a3ad26	1920	822	78.0	True	2	43
6536fa08-4cbf-4d2e-9c59-91a96490b17d	Ё	46dd04a1caa75ed3082b573cb5a3ad26	1920	822	78.0	True	4	37
0e084ebd-88aa-462e-afc4-91649e92cc0c	Ш	46dd04a1caa75ed3082b573cb5a3ad26	1920	822	92.0	True	6	51
7060268b-aa1a-4b47-b056-035c84ccda32	Н	46dd04a1caa75ed3082b573cb5a3ad26	1920	822	80.0	True	7	47
272fa338-2d56-4dfe-a62d-ad6c2c4cc766	Ц	46dd04a1caa75ed3082b573cb5a3ad26	1920	822	82.0	True	12	47
8a32f253-c022-4096-88dc-d05b07d66cc8	С	46dd04a1caa75ed3082b573cb5a3ad26	1920	822	84.0	True	12	54
dfd71d33-6325-4172-9113-ba56afa0ebd2	Ч	46dd04a1caa75ed3082b573cb5a3ad26	1920	822	112.0	True	9	49
c7dba30b-5a03-484d-ad03-34c3ee82a74a	Ф	46dd04a1caa75ed3082b573cb5a3ad26	1920	822	86.0	True	5	53
3bb97d01-f1e9-45a7-b6c5-0152c91cc71f	Й	95af8e702c909eee7145c6dc1a3d756b	1280	720	100.0	True	21	74
feebd581-00c2-42af-8fd6-a37d9a27eb26	Я	2d84da20c251acaeb3186642fcb04f2e	1920	1080	64.0	True	8	37
51f8bca8-dace-4328-a513-2a960ceff6fd	Э	b07a773bcb10b4f14f33d2b0e8ec58ba	720	1280	135.0	True	45	102
a7cae049-92ba-4f2e-b799-54f8d3077342	Б	b07a773bcb10b4f14f33d2b0e8ec58ba	720	1280	134.0	True	20	97
f55cfac2-fce1-4d4a-a2ed-d2b6abcaa640	З	b07a773bcb10b4f14f33d2b0e8ec58ba	720	1280	102.0	True	22	68
d623b287-a7dc-4d8a-9423-6fc9239746ba	Ы	b07a773bcb10b4f14f33d2b0e8ec58ba	720	1280	149.0	True	58	99
2ed4e443-a42e-4317-8733-ee9850c3958c	Ш	b07a773bcb10b4f14f33d2b0e8ec58ba	720	1280	141.0	True	68	116
cc5654b3-b004-4b28-bfa0-aea8f6484398	А	b07a773bcb10b4f14f33d2b0e8ec58ba	720	1280	108.0	True	21	80
d136ac77-3715-4ba0-8cfd-c8461201f2ee	Н	b07a773bcb10b4f14f33d2b0e8ec58ba	720	1280	140.0	True	30	81
cabb73b8-bf68-4b63-981e-6e4d10c5211d	Й	b07a773bcb10b4f14f33d2b0e8ec58ba	720	1280	83.0	True	13	64
503da461-0795-4b1d-bf0c-91479e617723	Ю	b07a773bcb10b4f14f33d2b0e8ec58ba	720	1280	173.0	True	65	116
446d1b8f-6182-4199-b283-05409aa32c72	Е	b07a773bcb10b4f14f33d2b0e8ec58ba	720	1280	129.0	True	34	89
07ebf5f8-165a-4885-b8cb-5c82c5bec8ae	Т	b07a773bcb10b4f14f33d2b0e8ec58ba	720	1280	92.0	True	19	66
54c60ba7-ecde-4c36-b4e0-44bcd8c95c45	Х	b07a773bcb10b4f14f33d2b0e8ec58ba	720	1280	128.0	True	47	82
025b8c70-436d-487f-915b-b827eebb0f64	Р	b07a773bcb10b4f14f33d2b0e8ec58ba	720	1280	123.0	True	29	89
df53e0d9-8c53-46ed-96ff-95458a5d2944	Ъ	b07a773bcb10b4f14f33d2b0e8ec58ba	720	1280	80.0	True	0	29
bba85aaa-cf5d-4720-a476-adca8b9107b5	М	b07a773bcb10b4f14f33d2b0e8ec58ba	720	1280	62.0	True	0	40
69f1a96b-243c-48df-9115-e991955f52af	Ч	b07a773bcb10b4f14f33d2b0e8ec58ba	720	1280	131.0	True	37	82
5394b48c-6451-4f95-9834-6b2259f6cafd	Ж	b07a773bcb10b4f14f33d2b0e8ec58ba	720	1280	110.0	True	27	62
3db534ed-c13c-4935-b14d-4022664232aa	П	b07a773bcb10b4f14f33d2b0e8ec58ba	720	1280	95.0	True	20	67
ba2cf7e8-01ea-49fc-854d-542e62a6afc1	Ё	b07a773bcb10b4f14f33d2b0e8ec58ba	720	1280	95.0	True	21	64
ae072cba-3567-4e41-97f6-1ac863968e9d	Ц	b07a773bcb10b4f14f33d2b0e8ec58ba	720	1280	147.0	True	61	107
d36396ba-d60e-4c31-a3b8-40b3e367355e	Ф	b07a773bcb10b4f14f33d2b0e8ec58ba	720	1280	134.0	True	35	115
68656311-631c-45be-8f80-76fbc85913fe	Г	db573f94204e56e0cf3fc2ea000e5bdc	1280	720	139.0	True	27	77
7d8bf38b-0bd5-4167-acba-45b9f0c02d80	Т	db573f94204e56e0cf3fc2ea000e5bdc	1280	720	123.0	True	21	65
638dd413-da62-4b44-bd2c-f828fc8cba6a	Ь	db573f94204e56e0cf3fc2ea000e5bdc	1280	720	128.0	True	18	80
f6dce0fb-4d4a-405f-b24b-bb123f47ef55	С	db573f94204e56e0cf3fc2ea000e5bdc	1280	720	124.0	True	18	59
715106a3-6028-4faa-a409-c8dca9c16c5e	Л	db573f94204e56e0cf3fc2ea000e5bdc	1280	720	120.0	True	17	69
cdcb451b-5668-47ae-8533-87c12669aaca	Д	db573f94204e56e0cf3fc2ea000e5bdc	1280	720	114.0	True	16	57
1ec613ad-f368-411c-9bae-869e124dfefc	Щ	db573f94204e56e0cf3fc2ea000e5bdc	1280	720	118.0	True	17	66
c26440d1-a014-45fd-8a92-01278815c755	Т	46dd04a1caa75ed3082b573cb5a3ad26	1920	822	80.0	True	1	39
71904e06-bc17-46bb-9e22-f247bca40b11	С	185bd3a81d9d618518d10abebf0d17a8	1920	1080	117.0	True	13	66
c56947aa-0d08-4e02-bc29-09d402af7e30	Д	46dd04a1caa75ed3082b573cb5a3ad26	1920	822	81.0	True	7	44
25bd4d69-7e58-4239-8eb8-df0818c5fd36	Щ	46dd04a1caa75ed3082b573cb5a3ad26	1920	822	81.0	True	0	35
